,job_id,job_url,title,company,salary,location,location_count,all_locations,work_type,posted_time,skills,job_expertise,job_domain,reasons_join,job_description,skills_experience,why_love_working,scraped_at
0,Không xác định,https://itviec.com/it-jobs?job_selected=senior-manager-data-scientist-fintech-trusting-social-1245,Senior/Manager Data Scientist - Fintech,Trusting Social,You'll love it,"Havana Tower - 132 Ham Nghi, District 1, Ho Chi Minh",1,"Havana Tower - 132 Ham Nghi, District 1, Ho Chi Minh",At office,34 minutes ago,Skills: Data Science LLM Statistical Analysis R Machine Learning Python,Job Expertise: Data Scientist,Job Domain: Financial Services,"Top 3 reasons to join us Top Salary, Awesome Benefits Premium healthcare for 3 members in family Grab to work, Lunch allowance for all employee","Job description Trusting Social is an AI Fintech pioneer that's revolutionizing credit access in emerging markets. Our mission is ""Advancing AI to Meet the Financial Needs of Everyday Consumers with Empathy."" We've assessed over 1 billion consumers across four countries, and we're on a mission to provide 100 million credit lines using the power of AI and Big Data. How You'll Make an Impact The Credit Insight team consists of highly skilled and passionate data scientists who are committed to staying current with the latest advancements in data science, machine learning, and artificial intelligence. Our team tackles a wide range of areas including credit scoring, fraudulent activity detection, profit optimization, and developing advanced technologies such as conversational AI. By analyzing extensive datasets that capture daily customer behavior, we continuously uncover unique and intriguing machine learning and business challenges. Our goal is to build robust machine learning models that enhance user experience and optimize the profitability of our financial products. What You'll Do Train and Fine-tune LLM Models: Develop and refine large language models to follow instructions, comprehend customer inquiries, and communicate naturally and effectively. Design and Develop LLM Agents: Create and tailor LLM agents to meet specific business needs and objectives. Build Evaluation Frameworks: Establish comprehensive evaluation frameworks to assess the performance and effectiveness of LLM agents. Feedback Collection and Model Improvement: Develop systems for collecting user feedback and iteratively improving model performance based on this feedback. Develop Other ML Models: Design and implement various types of machine learning models to address diverse business needs. Collaboration and Consultation: Work closely with peers, colleagues, and managers to resolve issues and achieve shared goals. Develop other ML models.","Your skills and experience Post Graduate degree (Masters  or Ph.D.) in Quantitative field such as Statistics, Mathematics, Computer  Science, Economics, or equivalent experience preferred  From 6+ years of professional working experience in applying applying statistical and ML solutions to business problems  Strong proficiency in programming languages such as Python or R. Strong knowledge and hands-on experience on machine learning, or statistics and experimentation Results oriented with strong analytical and problem solving skills Good business acumen with strong ability to solve business problems through data driven quantitative methodologies The ability to communicate results clearly to technical and non-technical audiences Demonstrated ability to research and innovate solutions to solve business problems Experience in bank related products such as unsecured personal loans and credit card is preferred","Why you'll love working here Join our vibrant team and enjoy: Opportunity to work and learn from one of the best and brightest technology teams in Vietnam Be part of a winning team with exponential growth regionally, experience recruiting world-class talents Competitive compensation package, including 13th-month salary and performance bonuses Comprehensive health care coverage for you and your dependents Generous leave policies, including annual leave, sick leave, and flexible work hours Convenient central district 1 office location, next to a future metro station Onsite lunch with multiple options, including vegetarian Grab for work allowance and fully equipped workstations Fun and engaging team building activities, sponsored sports clubs, and happy hour every Thursday Unlimited free coffee, tea, snacks, and fruit to keep you energized An opportunity to make a social impact by helping to democratize credit access in emerging markets",2025-08-28 11:34:36
1,Không xác định,https://itviec.com/it-jobs?job_selected=frontend-developer-shopify-wordpress-developer-solis-lab-4021,Frontend Developer (Shopify/Wordpress Developer),SOLIS LAB,"1,000 - 1,500 USD","Tầng 4 - tòa nhà Hà Thành Plaza - 102 Thái Thịnh, Dong Da, Ha Noi",1,"Tầng 4 - tòa nhà Hà Thành Plaza - 102 Thái Thịnh, Dong Da, Ha Noi",At office,53 minutes ago,Skills: JavaScript ReactJS HTML CSS TypeScript VueJS,Job Expertise: Frontend Developer,Job Domain: E-commerce,"Top 3 reasons to join us Small cohesive team of excellent individuals Skill up quickly at web dev, UX and design Bonuses for project completion and top performers","Job description Solis Lab is hiring now Frontend Dev - HTML5/CSS3/JavaScript. Join Solis Lab, a dynamic team crafting websites for top-tier brands with millions of monthly views. We're looking for a developer who is eager to turn intricate designs into stunning, responsive, and accessible web components. If you're detail-oriented, proactive, and ready to dive into front-end web development best practices, we want you! Your main responsibilities include: Transform design files (Sketch, Zeplin, Figma) into responsive and accessible front-end components. Uphold and advance accessibility, performance, and coding standards. Collaborate with the team leader and project manager to keep projects on schedule and aligned with goals. Engage with the technical lead to research and adopt cutting-edge front-end practices. You are perfect for this position if:  Have a keen eye for details and can interpret design requirements into front-end code precisely. Writes clean, maintainable code that is designed for reusability and scalability across various projects. Demonstrates independence and initiative, proactively researching and devising technical solutions for challenging tasks. Conducts thorough quality assurance on your work before seeking reviews from team leaders. Supports fellow team members, is willing to share knowledge, and provides mentorship to less experienced developers.  Takes pride in delivering high-quality work and is committed to excellence. Only apply if you're ready to invest the time and effort required to achieve the highest standards.","Your skills and experience  Basic proficiency in English reading and writing. Strong critical thinking and problem-solving abilities. Ability to write SEO-friendly, semantic HTML5. Expert knowledge of developing cross-platform/browser (Chrome, Safari, Firefox) for web development. Proficient with modern CSS, including frameworks like Tailwind CSS, and native features such as Flexbox, Grid, Transforms, and Animation. Basic knowledge of CSS preprocessors like Sass, Less, or PostCSS. Skilled in JavaScript ES6+ (ES7/8/9) without relying on jQuery. Familiarity with JavaScript frameworks such as React or Vue.js. Extensive experience with responsive web design. Comfortable using design tools like Sketch, Zeplin, and Figma. Proficient in code versioning tools, particularly Git. Portfolio required: demo projects, GitHub profile, code snippets, etc. 2 live front-end project samples. 1 code sample demonstrating BEM, Tailwind CSS, or other CSS conventions. 1 code sample showing modular ES6+ JavaScript usage.  The following skills are huge bonus points if you have them (if you don’t, no worries, you’ll learn on the job): Webpack / Babel / Vite. WordPress / Shopify.","Why you'll love working here Experience a fast-paced development agency life in a team that values leadership, craftsmanship, innovation, teamwork, and simplicity. Our team updates technology stacks, conventions, and workflows constantly. We move fast and learn faster. Stagnation or mediocrity is not acceptable. Continuous improvement is our way of life. If you're bothered by any of these things, don't apply. If that doesn't bother you, then you are one of us, and you will love this. Your experience and skills will grow more quickly than those of your peers in other companies. All we focus on is learning and improving through our day-to-day work, and at the same time, enjoying the company of our colleagues, whom we select very carefully.  We also provide the following benefits:  Total annual income equivalent to 14 months of salary (standard salary + Tet + bonus). Professional working environment: We provide you with top-notched tools including MacBook Pro, iPhone, Android devices for testing. We don't aim to micro-manage our employees. You will be the one who manages our expectations. A clear vision of your career progress: Performance/Roadmap review every 3 months. Growth tracks and career roadmap are carefully designed to build your confidence as you progress through the levels. Grow to be a Specialist or Jack of all trade: Opportunity to work with modern but pragmatic tech stacks for front-end and back-end. We pay for any courses, books, or conferences that you need to level up your skills. You are encouraged to have a life outside of work. Besides public holidays, you get 12 paid days off a year. Our fun and engaging reward system let you book extra paid leaves or remote working days for your efforts as a team player. You get one extra day off for every year you work at Solis Lab. Yearly health check-up. We also provide premium health insurance for family members of senior-level members. There are regular team-building activities, trips, parties.",2025-08-28 11:34:42
2,Không xác định,https://itviec.com/it-jobs?job_selected=devops-engineer-aws-cloud-kubernetes-python-designveloper-dsv-3352,"DevOps Engineer (AWS, Cloud, Kubernetes, Python)",Designveloper (DSV),Up to $2000,"No. 53-55-57, Pho Duc Chinh street, Nguyen Thai Binh ward, District 1, Ho Chi Minh",1,"No. 53-55-57, Pho Duc Chinh street, Nguyen Thai Binh ward, District 1, Ho Chi Minh",At office,2025-08-28 10:34:48,Skills: DevOps Kubernetes AWS Cloud Docker Python,Job Expertise: DevOps Engineer,Job Domain: Software Development Outsourcing,Top 3 reasons to join us Are you interested in creating web & mobile apps? Would you like to work in a dynamic & fun team? Attractive salary and annual salary review,"Job description We are looking for a DevOps Engineer who loves building top notch SAAS products and at the same time create infrastructure, tools, templates, and many more that enable colleagues to ship value at unprecedented speed to customers. You will work on one of our core SAAS systems utilizing state of the art technology. Responsibilities Design, implement, and operate AWS environments aligned with the Well-Architected Framework. Build and maintain end-to-end CI/CD pipelines using Bitbucket Pipelines and GitHub Actions. Implement GitOps workflows (Argo CD, Helm, Kustomize) for declarative Kubernetes deployments. Containerize applications with Docker and orchestrate Kubernetes clusters (EKS or self-managed). Author and maintain Terraform or CloudFormation modules for reproducible, versioned infrastructure provisioning. Implement observability and monitoring with Datadog, Prometheus, and Grafana—defining SLIs, SLOs, dashboards, and alerts. Write automation scripts (Bash, Python, Go) to streamline operations, build custom tooling, and integrate services. Continuously self-learn and adopt emerging DevOps technologies and best practices, sharing knowledge and upskilling the team.","Your skills and experience 2+ years building cloud-based/cloud-native architecture on AWS. 2+ years experience with Infrastructures as Code Terraform, Containerized Orchestration like Docker, Kubernetes. Proven track record building and operating production CI/CD pipelines and GitOps workflows. Solid understanding of networking concepts in cloud environments (VPCs, subnets, routing, security groups). Familiarity with Web Application Firewalls, DDoS mitigation, and edge-security via CloudFront or Cloudflare. Experience with Infrastructure as Code using Terraform or AWS CloudFormation. Demonstrated security-focused approach to system design and operation. Familiarity with observability tooling (metrics, logs, tracing) and SLO/alerting design. Proficient scripting skills (e.g., Python, Bash); comfortable building custom CLI tools or automation scripts. Excellent communication skills and the ability to collaborate across teams. Proficiency in spoken and written English. Nice to have: AWS Cloud Computing Certification is a plus. MLOps knowledge is a plus. Familiarity with compliance frameworks such as ISO 27001, SOC 2, etc.","Why you'll love working here Salary Up to $2000 Working & growing with Passionate & Talented Team. Diverse careers opportunities with Software Outsourcing, Software Product. English environment with projects from US, UK,  … Projects in various domains (pdf, logistic, online contract, medical …) Various training on hot-trend technologies, best practices and soft skills. Have 2 - 3 remote days / week (Flexible).  Working time 35 hours/week (Monday – Friday). Maximum 16 days annual leave per year. Refund annual leave days at the end of year.   Professional training process (support Udemy training course, >5000 courses). Training course refund (AWS…) Attractive Salary and Benefits. Performance review. Almost all customers from the US, UK …. MacBook Pro provided. Personal laptop allowance: $250 per year.  Employee referral bonus: $100 - $500. Project referral bonus: 5% project value contract.  Social insurance, PVI Premium health care for you and your loved ones.  13th month salary and Bonus based on team performance. Free in-house entertainment facilities (bilak, ping pong,…), coffee, snacks, instant noodles,… Sport activities: football, table-tennis, table football… Company trips, team building, office parties, ….",2025-08-28 11:34:48
3,Không xác định,https://itviec.com/it-jobs?job_selected=sap-business-analyst-3-4yoe-marusys-vina-3012,SAP Business Analyst (3-4Yoe),MARUSYS VINA,"500 - 1,500 USD","Handico Tower. Pham Hung street, Nam Tu Liem, Ha Noi",1,"Handico Tower. Pham Hung street, Nam Tu Liem, Ha Noi",At office,2025-08-28 10:34:54,Skills: SAP Business Analysis Tester Fiori English,Job Expertise: Business Analyst,Job Domain: Financial Services,"Top 3 reasons to join us Personal Growth in Product Technology work scope Chance to Biz Trip Oversea,100% Probation Salary KPI Bonus+Insurance for Family, ~15 monthly salary","Job description Gather, analyze, and define project requirements through effective stakeholder engagement. Create, review, and manage requirements definition documents and functional specifications.  Understand and document user needs and expectations, and communicate them accurately to the project team. Analysis requirements for the SD, QM, and FICO domains. Manage requirement changes and maintain traceability throughout the project lifecycle. Create test data and perform functional testing","Your skills and experience Education: Graduated from university with a major in Information Technology or other related fields. Work Experience 3–4 years of experience in SAP analysis, requirements gathering, or related roles. Experience working with SAP S/4HANA and Fiori Prefer having working experience in IT Korea company      3. Knowledge/ Skill/Attitude  Solid understanding of the HANA database structure and standard SAP functions. Ability to clearly organize and convey complex concepts and technical information. Strong problem-solving and analytical abilities. Basic knowledge of IT systems and software development. Experienced in requirements analysis for the SD, QM, and FICO domains. Experienced in creating test data and performing functional testing","Why you'll love working here 1. Benefits Salary will be negotiated depends on your competency Competitive compensation package (Basic salary, Monthly Allowance, Performance incentive, Profit Sharing) ~ Up to 15-16 monthly salary/year Attractive benefits (SHUI Insurance, PTI Premium Health Care Insurance full sponsored for both you and your family) Team-building Support Bonus quarterly 100% official salary during the probation period, annual salary raise Extra bonus per special occasions (Birthday, Labor Day, National Day, Solar New year, Lunar New Year) Annual company outing trip/travel benefit 2. Working environment:  5 working days/week with flexible working time and no overtime Chance to go on business trip oversea English working environment: You will have chance to practice English in both 4 skills. Internal English Class full sponsored by Company Professional, creative, comfortable and flexible working environment Young and talented colleagues with nice and supportive leader Chance to develop career with clear and motivated performance management system Common cultural-sportive Clubs and activities, sponsored and/or supported by the Company If you find an open culture where people are valued, trusted and treated fairly, let's join us!",2025-08-28 11:34:54
4,Không xác định,https://itviec.com/it-jobs?job_selected=cv-phan-tich-va-thiet-ke-mo-hinh-du-lieu-data-analyst-mb-bank-4214,CV Phân tích và thiết kế Mô hình dữ liệu - Data Analyst,MB Bank,You'll love it,"Tòa nhà MB, số 18 Lê Văn Lương, Cau Giay, Ha Noi",1,"Tòa nhà MB, số 18 Lê Văn Lương, Cau Giay, Ha Noi",At office,2025-08-28 10:35:00,Skills: Data Analysis Tableau Power BI Microsoft SQL Server Oracle SQL,Job Expertise: Data Analyst,Job Domain: Banking Financial Services,"Top 3 reasons to join us Mức lương cạnh tranh, hấp dẫn Môi trường làm việc chuyên nghiệp, thân thiện Được làm việc với các hệ thống hiện đại, tiên tiến","Job description Hiểu cấu trúc dữ liệu từ source, thực hiện phân tích và thiết kế cơ sở dữ liệu, làm nền tảng cho Data Engineer thực hiện tổ chức dữ liệu vào Datawarehouse, Đảm bảo tính logic và nhất quán với dữ liệu đã có trong datawarehouse. Xây dựng và maintain các dataset, hướng dẫn các phòng ban liên quan sử dụng các dataset trong phân tích dữ liệu. Xây dựng các data model,business model, datamart phục vụ cho các mục tiêu theo yêu cầu của các đơn vị khai thác dữ liệu","Your skills and experience 1. Trình độ học vấn Tốt nghiệp Đại học (bằng khá) trở lên. Ưu tiên ứng viên tốt nghiệp các trường Bách Khoa, Học viện Bưu chính, ĐH Công nghệ-ĐH Quốc gia Hà Nội hoặc các trường ĐH đào tạo có chuyên ngành liên quan dữ liệu, tài chính ngân hàng. 2. Kinh nghiệm làm việc Có ít nhất 2 năm kinh nghiệm trở lên làm việc trong các ngành liên quan đến xử lý, phân tích dữ liệu hoặc các lĩnh vực có liên quan, đặc biệt ƯU TIÊN ỨNG VIÊN ĐÃ LÀM cho các dự án bank. Ưu tiên ứng viên có kinh nghiệm làm các dự án DWH, ODS, core banking,... 3. Kiến thức/ Năng lực chuyên môn/ Kỹ năng Sử dụng SQL thành thạo Kỹ năng sử dụng các công cụ phân tích dữ liệu và code cơ bản để xử lý các mô hình báo cáo. Kỹ năng sử dụng các công cụ visualize để chuyển hóa dữ liệu thành graphics. Có kỹ năng phân tích sắc bén, khả năng thu thập, tổ chức, phân tích và phổ biến lượng lớn thông tin một cách chi tiết và chính xác. Có kinh nghiệm làm việc với cơ sở dữ liệu như Oracle Database, Microsoft SQL Server ... Sử dụng thành thạo Excel, Power BI. Có kinh nghiệm với các hệ thống như Tableau là một lợi thế.","Why you'll love working here Trải nghiệm Thu nhập hấp dẫn với gói đãi ngộ toàn diện:  Thưởng thành tích tháng 13; Thưởng thành tích theo kết quả công việc 06 tháng, 1 năm ; Thưởng các dịp lễ tết trong năm ; Thưởng theo danh hiệu cá nhân và tập thể…  Du lịch nghỉ dưỡng hàng năm Khám sức khỏe định kì Gói bảo hiểm sức khỏe cá nhân và người thân (MIC) Quà tặng và ngày nghỉ sinh nhật hưởng nguyên lương  Cơ hội nghề nghiệp và phát triển bản thân:  Được thử sức với các nền tảng công nghệ mới, tham gia vào những dự án chuyển đổi lớn của ngân hàng  Có cơ hội học hỏi từ các Chuyên gia, Lãnh đạo nội bộ hàng đầu tại MB trong lĩnh vực IT, Tài chính ngân hàng  Được trải nghiệm các phương pháp học tập mới và phát triển năng lực theo lộ trình công danh.  Hưởng các chính sách hỗ trợ, khuyến khích học tập, nâng cao trình độ và phát triển bản thân (chứng chỉ nghề quốc tế...)  Môi trường làm việc lý tưởng với:  Những người cộng sự thân thiện và tài năng  Cơ sở vật chất, không gian làm việc xanh và hiện đại.",2025-08-28 11:35:00
5,Không xác định,https://itviec.com/it-jobs?page=49&job_selected=senior-frontend-engineer-react-nextjs-55k-year-crossian-4944,Senior Frontend Engineer (React/NextJS)- $55K/year,Crossian,Total $55k/year,"Tầng 1, Tòa nhà Pax Sky, 63-65 phố Ngô Thì Nhậm, Phường Phạm Đình Hổ, Hai Ba Trung, Ha Noi",1,"Tầng 1, Tòa nhà Pax Sky, 63-65 phố Ngô Thì Nhậm, Phường Phạm Đình Hổ, Hai Ba Trung, Ha Noi",At office,2025-07-24 13:17:50,Skills: ReactJS Agile AWS NodeJS JavaScript NextJS,Job Expertise: Frontend Developer,Job Domain: Retail and Wholesale,Top 3 reasons to join us Top-notch Annual Income Global Health Insurance 5-star Office in the centre of Hanoi,"Job description Frontend Development & Optimization Design, develop, and implement user-facing features using ReactJS and NextJS. Optimize web applications for performance, scalability, and cross-browser compatibility. Lead the implementation of Server-Side Rendering (SSR) and Client-Side Rendering (CSR) for complex features. Ensure clean, maintainable, and scalable code through adherence to industry standards and peer code reviews. Debug and resolve performance bottlenecks using tools like Sentry, Kong logs, and Cloudflare. Translate wireframes and prototypes into high-quality, responsive, and accessible code. Collaborate with UI/UX designers to deliver user-centric and consistent experiences. System Integration & Maintenance Work closely with backend teams to integrate APIs seamlessly into the frontend. Participate in deployment processes and ensure system stability through efficient debugging and issue resolution. Cross-Functional Collaboration Collaborate with stakeholders to analyze requirements and break them into actionable technical tasks. Work with cross-functional teams (backend, QA, DevOps) to ensure the successful delivery of projects. Knowledge Sharing & Continuous Improvement Share knowledge with team members and provide guidance on frontend best practices. Proactively suggest improvements to workflows, tools, and code quality to enhance team productivity and product quality.","Your skills and experience Education: Bachelor’s degree in Information Technology, Computer Science, or related fields. Experience 3-6 years of experience in frontend development with strong expertise in ReactJS, NextJS, and modern JavaScript. Proficient in state management tools like Redux, Recoil, or similar libraries. Hands-on experience in building responsive, cross-browser-compatible, and accessible web applications. Hands-on experience with Node.js to develop APIs and optimize SSR logic. Familiarity with modern frontend tools and workflows (e.g., Webpack, Vite, Git). Basic understanding of AWS S3, Cloudflare, or similar tools for asset delivery. Capable of translating business requirements into technical solutions. English: Professional working proficiency Soft Skills: Strong problem-solving skills. Familiarity with Agile/Scrum Preferred Skills (but not required): Has knowledge of design, and coding principles (e.g.: clean code, DRY/KISS, SOLID) Has knowledge of Postgres, KAFKA, Elasticsearch, S3/Minio Knowledge of testing frameworks like Jest, React Testing Library. Familiarity with CI/CD pipelines for frontend applications. Experience with eCommerce platforms is a plus.","Why you'll love working here We’re not just about building platforms; we’re about creating a workplace where talent thrives. Here's what you’ll gain: Exceptional Total Compensation Package Up to 30 months of salary per year through competitive salary packages and performance-based bonuses. Total annual compensation up to $55,000, reflecting your expertise and contribution. Full salary during probation & Guaranteed 13th month salary  12 days work-from-home & 12 days of paid annual leave, plus seniority paid leave Global health insurance package for yourself and direct family members, plus annual health checkup Growth Opportunities Hands-on exposure to cutting-edge technologies and complex system architecture in a global-scale project. Clear career advancement pathways and access to continuous professional development programs. Global Vision Contribute to projects that redefine how brands connect with consumers globally. Opportunity to work on challenging problems in data analytics, customer engagement, and operational efficiency. In addition to development tasks, you’ll collaborate closely with other CoEs to understand their unique challenges. With your technical expertise, you’ll continuously propose innovative solutions to elevate their performance and contribute to the overall success of the organization.",2025-08-28 13:17:50
6,Không xác định,https://itviec.com/it-jobs?page=49&job_selected=net-backend-engineer-intermediate-senior-crossian-5616,.Net Backend Engineer (Intermediate/Senior),Crossian,You'll love it,"New setup, District 1, Ho Chi Minh (và 1 nơi khác)",2,"New setup, District 1, Ho Chi Minh || 35 days ago",At office,2025-07-24 13:17:56,Skills: .NET LINQ C# .Net Core Microservices ASP.NET,Job Expertise: Backend Developer,Job Domain: E-commerce Retail and Wholesale,Top 3 reasons to join us Top-notch Annual Income Global Health Insurance 5-star Office in the centre of Hanoi,"Job description Participate in Technical Specification & Test Cases in the Agile/Scrum development process Develop clean, scalable code using .NET Core in Micro-service Architecture & Cloud-native Develop backend Data-storage & Data-flows with Postgres, ES, Kafka and various Cloud data toolsets Test and deploy system (micro-)services & (micro-)apps on AWS EKS/Kubernetes with Docker toolset Improve existing system: revising, updating, refactoring and debugging code Monitor and optimize system performance, addressing any issues as they arise. Develop documentation throughout the software development life cycle (SDLC) Serve as an expert on the system and provide technical support to other Internal teams","Your skills and experience Bachelor’s degree in computer programming, computer science, or a related field At least 3+ years of development experience Proficient in backend technologies: C#, .NET, .NET Core, Core, Entity Framework Core, LINQ Proficient in Relational database modeling & design with Postgres/MSSQL Knowledge of Microservices, Clean-code, Clean-Architecture & SOLID principles Having experience in Message Queues with Kafka/RabbitMQ Having experience with Docker, Kubernetes Understanding of Agile/Scrum methodologies English Professional working proficiency Preferred (but not required) Document DB modeling & design with Elasticsearch Object Storages with AWS S3 Messaging with Sendgrid, Twilio, AWS SNS,… Having experience in Cloud Native Computing DevOps, SysOps in AWS and Git CI/CD experience","Why you'll love working here Why Join Us? We’re not just about building platforms; we’re about creating a workplace where talent thrives. Here's what you’ll gain: Exceptional Compensation Up to 30 months of salary per year through competitive salary packages and performance-based bonuses. Total annual compensation up to $55,000, reflecting your expertise and contribution. Full salary during probation & Guaranteed 13th month salary  12 days work-from-home & 12 days of paid annual leave, plus seniority paid leave Global health insurance package for yourself and direct family members, plus annual health checkup Growth Opportunities Hands-on exposure to cutting-edge technologies and complex system architecture in a global-scale project. Clear career advancement pathways and access to continuous professional development programs. Global Vision Contribute to projects that redefine how brands connect with consumers globally. Opportunity to work on challenging problems in data analytics, customer engagement, and operational efficiency. In addition to development tasks, you’ll collaborate closely with other CoEs to understand their unique challenges. With your technical expertise, you’ll continuously propose innovative solutions to elevate their performance and contribute to the overall success of the organization.",2025-08-28 13:17:56
7,Không xác định,https://itviec.com/it-jobs?page=49&job_selected=backend-developer-python-or-php-or-nodejs-english-manifera-software-development-4107,"Backend Developer (Python or PHP or NodeJS, English)",Manifera Software Development,You'll love it,"10 Pho Quang, Tan Son Hoa Ward, Tan Binh, Ho Chi Minh",1,"10 Pho Quang, Tan Son Hoa Ward, Tan Binh, Ho Chi Minh",At office,2025-07-24 13:18:02,Skills: English MySQL PostgreSql NodeJS PHP Python,Job Expertise: Backend Developer,Job Domain: Government IT Services and IT Consulting Cyber Security Software Development Outsourcing Software Products and Web Services,"Top 3 reasons to join us Training and career growth opportunities International dynamic working environment Attractive salary, 13th month, Health Insurance","Job description About the Role: Join our development team as a Backend Developer where you'll architect and build scalable server-side applications that handle large volumes of real-time data. You'll work directly with international clients and cross-functional teams to deliver robust, high-performance solutions from conception to deployment.  Key Responsibilities: Development & Architecture: Design and develop scalable backend applications using Python, PHP, or NodeJS Build RESTful APIs and integrate with external services and third-party systems Design optimized database schemas and write efficient queries Implement secure authentication systems (JWT, OAuth, etc.) Develop systems to process and manage large amounts of real-time data streams Collaboration & Communication: Lead technical discussions with international teams and clients Write clear technical documentation in English Participate in requirements analysis and propose technical solutions Take full ownership of features from planning through deployment","Your skills and experience Required Qualifications: Bachelor's degree in Computer Science, IT, or related field. 3+ years backend development experience (Python, PHP, or NodeJS) Strong experience with relational databases (PostgreSQL, MySQL) Solid understanding of software architecture and scalability principles Knowledge of security best practices and authentication mechanisms Excellent English communication skills, can discuss confidently with clients about technical approaches and solutions.  Proactive, good problem-solving, self-directed learning mindset and adaptability to new technologies Strong ownership mentality and accountability for code quality  Preferred Qualifications: Frontend experience (HTML5, CSS, JavaScript, VueJS) DevOps knowledge (Docker, CI/CD pipelines)","Why you'll love working here You will love working in our Manifera team, since we are a team of highly skilled and motivated engineers, every day solve challenging issues for our clients. You will be working with clients from Asia and Europe. Using the latest technologies will keep your career growing.  Next to the hard and interesting work you will have time to relax and enjoy social activities together with colleagues, like dinners and sporting activities. At least once a year you will join the team to have a company holiday altogether.  Company benefits: Attractive salary and salary appraisals Sign-on bonus 13th-month salary Private health insurance Trainings and seminars, technical and English Sport club Keep enhancing your skills Work in a dynamic and friendly environment Career growth, promotion opportunities Work with European and Singaporean clients/partners Company outings and monthly activities Young, dynamic, and fun team",2025-08-28 13:18:02
8,Không xác định,https://itviec.com/it-jobs?page=49&job_selected=it-operation-maintenance-van-hanh-bao-tri-idc-hcm-cong-ty-co-phan-tu-van-va-thuong-mai-dien-tu-nam-sao-911-group-2908,"IT Operation & Maintenance (vận hành, bảo trì IDC) HCM",Công ty cổ phần tư vấn và thương mại điện tử Năm Sao (911 GROUP),750,"HCMC, District 1, Ho Chi Minh",1,"HCMC, District 1, Ho Chi Minh",At office,2025-07-24 13:18:09,Skills: Hardware Troubleshooting Networking CompTIA Security+ Windows Linux ITIL Foundation,Job Expertise: Network Engineer,Job Domain: IT Hardware and Computing IT Services and IT Consulting Telecommunication Network and Infrastructure Software Products and Web Services,"Job description Nhiệm vụ chính: Xử lý công việc hàng ngày tại IDC: Phân bổ, theo dõi và điều phối các yêu cầu từ hệ thống work order. Đảm bảo thực hiện theo đúng quy trình, chuẩn SOP. Ghi nhận và báo cáo dữ liệu vận hành hàng ngày, hàng tuần. Giám sát và kiểm tra: Kiểm tra phòng máy định kỳ (7x24 hoặc 5x8 tùy ca/kíp). Phát hiện, báo cáo và phối hợp xử lý kịp thời các vấn đề bất thường. Kiểm soát an toàn khi có người ngoài đến bảo trì/sửa chữa tại hiện trường. Phản ứng sự cố & hỗ trợ kỹ thuật: Phản ứng nhanh với sự cố theo SLA. Hỗ trợ vận chuyển, lắp đặt, tháo dỡ thiết bị server, switch, cáp. Hỗ trợ các chuyên gia về server và mạng trong xử lý lỗi phức tạp. Quản lý chất lượng dịch vụ & SOP: Cập nhật, đề xuất cải tiến SOP từ kinh nghiệm thực tiễn. Đào tạo kỹ thuật và đánh giá năng lực cho nhân sự tuyến đầu. Báo cáo & phối hợp: Gửi báo cáo định kỳ và theo yêu cầu: daily, weekly, incident reports. Phối hợp với đội dự án để triển khai tác vụ hoặc sự kiện đặc biệt.","Job description Nhiệm vụ chính: Xử lý công việc hàng ngày tại IDC: Phân bổ, theo dõi và điều phối các yêu cầu từ hệ thống work order. Đảm bảo thực hiện theo đúng quy trình, chuẩn SOP. Ghi nhận và báo cáo dữ liệu vận hành hàng ngày, hàng tuần. Giám sát và kiểm tra: Kiểm tra phòng máy định kỳ (7x24 hoặc 5x8 tùy ca/kíp). Phát hiện, báo cáo và phối hợp xử lý kịp thời các vấn đề bất thường. Kiểm soát an toàn khi có người ngoài đến bảo trì/sửa chữa tại hiện trường. Phản ứng sự cố & hỗ trợ kỹ thuật: Phản ứng nhanh với sự cố theo SLA. Hỗ trợ vận chuyển, lắp đặt, tháo dỡ thiết bị server, switch, cáp. Hỗ trợ các chuyên gia về server và mạng trong xử lý lỗi phức tạp. Quản lý chất lượng dịch vụ & SOP: Cập nhật, đề xuất cải tiến SOP từ kinh nghiệm thực tiễn. Đào tạo kỹ thuật và đánh giá năng lực cho nhân sự tuyến đầu. Báo cáo & phối hợp: Gửi báo cáo định kỳ và theo yêu cầu: daily, weekly, incident reports. Phối hợp với đội dự án để triển khai tác vụ hoặc sự kiện đặc biệt.","Your skills and experience 1. Yêu cầu về trình độ và kinh nghiệm: Bằng cấp: Tốt nghiệp Cao đẳng trở lên, chuyên ngành Công nghệ Chuyên ngành phù hợp: CNTT, Hệ thống thông tin, Kỹ thuật máy tính, Mạng máy tính  Kinh nghiệm ngành: Junior: ≥1 năm Middle/Senior: ≥3 năm trong lĩnh vực IDC hoặc vận hành hệ thống CNTT Ngoại ngữ: Tiếng bản địa + Tiếng Anh 2. Kỹ năng chuyên môn bắt buộc SOP & SLA Nắm vững các quy trình vận hành chuẩn SOP Thực hiện công việc theo SLA nghiêm ngặt Có thể tối ưu hóa quy trình, tránh lỗi khi xử lý lệnh Xử lý sự cố & phản ứng nhanh Có khả năng xử lý sự cố cấp độ1 theo EOP (emergency operation procedure) Biết ghi nhận nhật ký sự kiện và gửi báo cáo sơ bộ nhanh Thiết bị phần cứng Am hiểu thiết bị như: server, switch, cáp mạng, tủ rack Có khả năng tháo/lắp, cắm dây, thay linh kiện cơ bản theo yêu cầu SOP Quản lý hệ thống giám sát Sử dụng hệ thống giám sát phòng máy để theo dõi hoạt động thường xuyên Phát hiện bất thường qua công cụ monitoring Công cụ hỗ trợ Thành thạo Microsoft Office, phần mềm quản lý work order, hệ thống báo cáo 3. Kỹ năng mềm & tác phong Giao tiếp: Rõ ràng, lịch sự, ghi nhận tốt; phản hồi đúng hạn Làm việc nhóm: Có tinh thần phối hợp nhóm, hỗ trợ lẫn nhau trong ca trực Tuân thủ nội quy: Chấp hành quy định về PPE, an toàn lao động, nội quy phòng máy Tự quản lý: Chủ động trong ca làm việc, biết ưu tiên công việc, không đợi phân công Báo cáo: Có khả năng làm báo cáo hằng tuần, thống kê số liệu đơn giản 4. Ưu tiên nếu có Đã từng làm việc tại các IDC lớn (FPT, Viettel, VNPT, CMC…) Có kiến thức cơ bản về mạng, hệ điều hành Linux/Windows Có chứng chỉ: CompTIA A+, CCNA, ITIL Foundation là lợi thế","Why you'll love working here THU NHẬP VÀ CHẾ ĐỘ: Giờ làm việc: 12h/ca (làm 2 ngày – nghỉ 1 ngày), làm tất cả các ngày trong tuần không nghỉ T7/CN (nếu như vào ngày T7/CN đó có ca trực). Được nghỉ vào các ngày lễ, Tết, nghỉ 12 ngày phép / năm Hỗ trợ phụ cấp ca đêm, thưởng vận hành theo tháng. Tổng thu nhập: từ 20.000.000 đ (Gross) Các chế độ khác theo quy định của Nhà nước",2025-08-28 13:18:09
9,Không xác định,https://itviec.com/it-jobs?page=49&job_selected=senior-fullstack-developer-nestjs-react-php-xtracta-1520,"Senior Fullstack Developer (NestJS, React, PHP)",Xtracta,"2,500 - 3,500 USD",Remote (don't have to come to the office) (và 1 nơi khác),2,Remote (don't have to come to the office) || 35 days ago,Remote,2025-07-24 13:18:14,Skills: Fullstack PHP ReactJS NestJS TypeScript English,Job Expertise: Fullstack Developer,Job Domain: IT Services and IT Consulting Software Products and Web Services,Top 3 reasons to join us Competitive Salary This is a fully remote role You will join a team of intelligent,"Job description About Xtracta Xtracta is a fast‑growing software company delivering AI‑powered business process automation solutions to a global customer base. Established over 15 years ago and headquartered in Auckland, New Zealand, we’ve built technology that captures data from a wide range of documents and powers workflows for partners and end‑users worldwide. With rapid growth and new research areas on the horizon, we are expanding our engineering team. Our primary base is in Auckland, but we also work with talented off‑shore teams across the world.  The Role We are looking for an enthusiastic and bright Senior Software Engineer who enjoys working with cutting‑edge web technologies. You’ll collaborate closely with our team to design and build scalable systems, and you’ll have a direct impact on features used by thousands of users globally. You will: Scope projects and contribute to architectural decisions Design and implement robust, maintainable, and well‑tested code Review code from other team members, offering constructive feedback and guidance Collaborate with clients and colleagues in an English‑speaking environment Help shape the direction of our technology stack and processes","Your skills and experience What We’re Looking For Excellent spoken and written English, with confidence to work with an international team and clients Bachelor’s degree in Computer Science or a related field (or equivalent proven experience) 5+ years of professional software engineering experience Solid experience with: Node.js and NestJS TypeScript React.js PHP (CodeIgniter framework) SQL databases Building and consuming REST or GraphQL APIs Familiarity with testing frameworks such as Vitest or Jest Experience with Docker in development and deployment workflows  Great to Have (not required, but a plus): Experience with microservices architecture, especially gRPC Familiarity with orchestration systems like Kubernetes Experience with monitoring systems such as Grafana, InfluxDB, or Splunk Familiarity with logging systems like Elasticsearch and Kibana Experience with messaging services such as NATS or Redis Knowledge of AWS infrastructure and services","Why you'll love working here Salary Competitive Salary — for the right candidates, it can be negotiated. The Team You will join a team of intelligent, inquisitive, and capable individuals who are resourceful, eager to learn, and keen to support one another. We value openness, knowledge sharing, and collaboration. Working Environment This is a fully remote role, giving you the flexibility to work from your preferred environment. You will be supported by a friendly, collaborative team and given the tools you need to succeed. For exceptional candidates, we are open to providing full relocation support to New Zealand, including covering relocation costs, if you demonstrate excellent competency and are a strong long‑term fit for the team.",2025-08-28 13:18:14
